


{     
     
      "states":[  
          {  
            "state":"Andhra Pradesh",
            "country":["Afghanistan",                                                                                                                
            "Albania",
            "Algeria ",
            "Andorra  ",
            "Angola ",
            "Antigua and Barbuda  ",
            "Argentina ",
            "Armenia  ",
            "Australia ",
            "Austria  ",
            "Azerbaijan  ",
            "Bahamas ",
            "Bahrain  ",
            "Bangladesh  ",
            "Barbados  ",
            "Belarus  ",
            "Belgium  ",
            "Belize ",
            "Benin  ",
            "Bhutan ",
            "Bolivia ",
            "Bosnia and Herzegovina  ",
            "Botswana  ",
            "Brazil ",
            "Brunei ",
            "Bulgaria  ",
            "Burkina Faso  ",
            "Burundi  ",
            "Côte dIvoire  ",
            "Cabo Verde ",
            "Cambodia  ",
            "Cameroon  ",
            "Canada ",
            "Central African Republic  ",
            "Chad ",
            "Chile  ",
            "China ",
            "Colombia ",
            "Comoros ",
            "Congo (Congo-Brazzaville)  ",
            "Costa Rica  ",
            "Croatia  ",
            "Cuba  ",
            "Cyprus  ",
            "Czechia (Czech Republic)  ",
            "Democratic Republic of the Congo ",
            "Denmark  ",
            "Djibouti ",
            "Dominica  ",
            "Dominican Republic  ",
            "Ecuador  ",
            "Egypt  ",
            "El Salvador  ",
            "Equatorial Guinea  ",
            "Eritrea  ",
            "Estonia  ",
            "Eswatini   ",
            "Ethiopia ",
            "Fiji ",
            "Finland  ",
            "France  ",
            "Gabon  ",
            "Gambia  ",
            "Georgia  ",
            "Germany  ",
            "Ghana  ",
            "Greece  ",
            "Grenada  ",
            "Guatemala  ",
            "Guinea  ",
            "Guinea-Bissau  ",
            "Guyana ",
            "Haiti  ",
            "Holy See   ",
            "Honduras  ",
            "Hungary  ",
            "Iceland ",
            "India ",
            "Indonesia ",
            "Iran ",
            "Iraq  ",
            "Ireland  ",
            "Israel  ",
            "Italy  ",
            "Jamaica  ",
            "Japan  ",
            "Jordan  ",
            "Kazakhstan ",
            "Kenya  ",
            "Kiribati  ",
            "Kuwait  ",
            "Kyrgyzstan  ",
            "Laos  ",
            "Latvia  ",
            "Lebanon  ",
            "Lesotho  ",
            "Liberia  ",
            "Libya ",
            "Liechtenstein  ",
            "Lithuania  ",
            "Luxembourg ",
            "Madagascar  ",
            "Malawi  ",
            "Malaysia  ",
            "Maldives  ",
            "Mali ",
            "Malta  ",
            "Marshall Islands  ",
            "Mauritania ",
            "Mauritius  ",
            "Mexico ",
            "Micronesia  ",
            "Moldova  ",
            "Monaco  ",
            "Mongolia ",
            "Montenegro ",
            "Morocco  ",
            "Mozambique  ",
            "Myanmar (formerly Burma)  ",
            "Namibia  ",
            "Nauru  ",
            "Nepal  ",
            "Netherlands  ",
            "New Zealand  ",
            "Nicaragua  ",
            "Niger ",
            "Nigeria  ",
            "North Korea  ",
            "North Macedonia  ",
            "Norway  ",
            "Oman  ",
            "Pakistan  ",
            "Palau  ",
            "Palestine State  ",
            "Panama  ",
            "Papua New Guinea  ",
            "Paraguay  ",
            "Peru ",
            "Philippines  ",
            "Poland  ",
            "Portugal  ",
            "Qatar  ",
            "Romania  ",
            "Russia ",
            "Rwanda  ",
            "Saint Kitts and Nevis  ",
            "Saint Lucia  ",
            "Saint Vincent and the Grenadines  ",
            "Samoa ",
            "San Marino  ",
            "Sao Tome and Principe  ",
            "Saudi Arabia ",
            "Senegal  ",
            "Serbia  ",
            "Seychelles  ",
            "Sierra Leone  ",
            "Singapore  ",
            "Slovakia  ",
            "Slovenia  ",
            "Solomon Islands ",
            "Somalia  ",
            "South Africa ",
            "South Korea  ",
            "South Sudan  ",
            "Spain  ",
            "Sri Lanka  ",
            "Sudan ",
            "Suriname ",
            "Sweden  ",
            "Switzerland  ",
            "Syria  ",
            "Tajikistan  ",
            "Tanzania  ",
            "Thailand  ",
            "Timor-Leste  ",
            "Togo  ",
            "Tonga  ",
            "Trinidad and Tobago  ",
            "Tunisia  ",
            "Turkey  ",
            "Turkmenistan  ",
            "Tuvalu  ",
            "Uganda  ",
            "Ukraine  ",
            "United Arab Emirates  ",
            "United Kingdom  ",
            "United States of America ",
            "Uruguay  ",
            "Uzbekistan  ",
            "Vanuatu ",
            "Venezuela  ",
            "Vietnam  ",
            "Yemen  ",
            "Zambia  ",
            "Zimbabwe "
                    
            ],
            "cities":[  
                "Anantapur",
                "Chittoor",
                "East Godavari",
                "Guntur",
                "Krishna",
                "Kurnool",
                "Nellore",
                "Prakasam",
                "Srikakulam",
                "Visakhapatnam",
                "Vizianagaram",
                "West Godavari",
                "YSR Kadapa"
            ]
           
          },
          {  
            "state":"Arunachal Pradesh",
            "cities":[  
                "Tawang",
                "West Kameng",
                "East Kameng",
                "Papum Pare",
                "Kurung Kumey",
                "Kra Daadi",
                "Lower Subansiri",
                "Upper Subansiri",
                "West Siang",
                "East Siang",
                "Siang",
                "Upper Siang",
                "Lower Siang",
                "Lower Dibang Valley",
                "Dibang Valley",
                "Anjaw",
                "Lohit",
                "Namsai",
                "Changlang",
                "Tirap",
                "Longding"
            ]
          },
          {  
            "state":"Assam",
            "cities":[  
                "Baksa",
                "Barpeta",
                "Biswanath",
                "Bongaigaon",
                "Cachar",
                "Charaideo",
                "Chirang",
                "Darrang",
                "Dhemaji",
                "Dhubri",
                "Dibrugarh",
                "Goalpara",
                "Golaghat",
                "Hailakandi",
                "Hojai",
                "Jorhat",
                "Kamrup Metropolitan",
                "Kamrup",
                "Karbi Anglong",
                "Karimganj",
                "Kokrajhar",
                "Lakhimpur",
                "Majuli",
                "Morigaon",
                "Nagaon",
                "Nalbari",
                "Dima Hasao",
                "Sivasagar",
                "Sonitpur",
                "South Salmara-Mankachar",
                "Tinsukia",
                "Udalguri",
                "West Karbi Anglong"
            ]
          },
          {  
            "state":"Bihar",
            "cities":[  
                "Araria",
                "Arwal",
                "Aurangabad",
                "Banka",
                "Begusarai",
                "Bhagalpur",
                "Bhojpur",
                "Buxar",
                "Darbhanga",
                "East Champaran (Motihari)",
                "Gaya",
                "Gopalganj",
                "Jamui",
                "Jehanabad",
                "Kaimur (Bhabua)",
                "Katihar",
                "Khagaria",
                "Kishanganj",
                "Lakhisarai",
                "Madhepura",
                "Madhubani",
                "Munger (Monghyr)",
                "Muzaffarpur",
                "Nalanda",
                "Nawada",
                "Patna",
                "Purnia (Purnea)",
                "Rohtas",
                "Saharsa",
                "Samastipur",
                "Saran",
                "Sheikhpura",
                "Sheohar",
                "Sitamarhi",
                "Siwan",
                "Supaul",
                "Vaishali",
                "West Champaran"
            ]
          },
          {  
            "state":"Chandigarh (UT)",
            "cities":[  
                "Chandigarh"
            ]
          },
          {  
            "state":"Chhattisgarh",
            "cities":[  
                "Balod",
                "Baloda Bazar",
                "Balrampur",
                "Bastar",
                "Bemetara",
                "Bijapur",
                "Bilaspur",
                "Dantewada (South Bastar)",
                "Dhamtari",
                "Durg",
                "Gariyaband",
                "Janjgir-Champa",
                "Jashpur",
                "Kabirdham (Kawardha)",
                "Kanker (North Bastar)",
                "Kondagaon",
                "Korba",
                "Korea (Koriya)",
                "Mahasamund",
                "Mungeli",
                "Narayanpur",
                "Raigarh",
                "Raipur",
                "Rajnandgaon",
                "Sukma",
                "Surajpur  ",
                "Surguja"
            ]
          },
          {  
            "state":"Dadra and Nagar Haveli (UT)",
            "cities":[  
                "Dadra & Nagar Haveli"
            ]
          },
          {  
            "state":"Daman and Diu (UT)",
            "cities":[  
                "Daman",
                "Diu"
            ]
          },
          {  
            "state":"Delhi (NCT)",
            "cities":[  
                "Central Delhi",
                "East Delhi",
                "New Delhi",
                "North Delhi",
                "North East  Delhi",
                "North West  Delhi",
                "Shahdara",
                "South Delhi",
                "South East Delhi",
                "South West  Delhi",
                "West Delhi"
            ]
          },
          {  
            "state":"Goa",
            "cities":[  
                "North Goa",
                "South Goa"
            ]
          },
          {  
            "state":"Gujarat",
            "cities":[  
                "Ahmedabad",
                "Amreli",
                "Anand",
                "Aravalli",
                "Banaskantha (Palanpur)",
                "Bharuch",
                "Bhavnagar",
                "Botad",
                "Chhota Udepur",
                "Dahod",
                "Dangs (Ahwa)",
                "Devbhoomi Dwarka",
                "Gandhinagar",
                "Gir Somnath",
                "Jamnagar",
                "Junagadh",
                "Kachchh",
                "Kheda (Nadiad)",
                "Mahisagar",
                "Mehsana",
                "Morbi",
                "Narmada (Rajpipla)",
                "Navsari",
                "Panchmahal (Godhra)",
                "Patan",
                "Porbandar",
                "Rajkot",
                "Sabarkantha (Himmatnagar)",
                "Surat",
                "Surendranagar",
                "Tapi (Vyara)",
                "Vadodara",
                "Valsad"
            ]
          },
          {  
            "state":"Haryana",
            "cities":[  
                "Ambala",
                "Bhiwani",
                "Charkhi Dadri",
                "Faridabad",
                "Fatehabad",
                "Gurgaon",
                "Hisar",
                "Jhajjar",
                "Jind",
                "Kaithal",
                "Karnal",
                "Kurukshetra",
                "Mahendragarh",
                "Mewat",
                "Palwal",
                "Panchkula",
                "Panipat",
                "Rewari",
                "Rohtak",
                "Sirsa",
                "Sonipat",
                "Yamunanagar"
            ]
          },
          {  
            "state":"Himachal Pradesh",
            "cities":[  
                "Bilaspur",
                "Chamba",
                "Hamirpur",
                "Kangra",
                "Kinnaur",
                "Kullu",
                "Lahaul &amp; Spiti",
                "Mandi",
                "Shimla",
                "Sirmaur (Sirmour)",
                "Solan",
                "Una"
            ]
          },
          {  
            "state":"Jammu and Kashmir",
            "cities":[  
                "Anantnag",
                "Bandipore",
                "Baramulla",
                "Budgam",
                "Doda",
                "Ganderbal",
                "Jammu",
                "Kargil",
                "Kathua",
                "Kishtwar",
                "Kulgam",
                "Kupwara",
                "Leh",
                "Poonch",
                "Pulwama",
                "Rajouri",
                "Ramban",
                "Reasi",
                "Samba",
                "Shopian",
                "Srinagar",
                "Udhampur"
            ]
          },
          {  
            "state":"Jharkhand",
            "cities":[  
                "Bokaro",
                "Chatra",
                "Deoghar",
                "Dhanbad",
                "Dumka",
                "East Singhbhum",
                "Garhwa",
                "Giridih",
                "Godda",
                "Gumla",
                "Hazaribag",
                "Jamtara",
                "Khunti",
                "Koderma",
                "Latehar",
                "Lohardaga",
                "Pakur",
                "Palamu",
                "Ramgarh",
                "Ranchi",
                "Sahibganj",
                "Seraikela-Kharsawan",
                "Simdega",
                "West Singhbhum"
            ]
          },
          {  
            "state":"Karnataka",
            "cities":[  
                "Bagalkot",
                "Ballari (Bellary)",
                "Belagavi (Belgaum)",
                "Bengaluru (Bangalore) Rural",
                "Bengaluru (Bangalore) Urban",
                "Bidar",
                "Chamarajanagar",
                "Chikballapur",
                "Chikkamagaluru (Chikmagalur)",
                "Chitradurga",
                "Dakshina Kannada",
                "Davangere",
                "Dharwad",
                "Gadag",
                "Hassan",
                "Haveri",
                "Kalaburagi (Gulbarga)",
                "Kodagu",
                "Kolar",
                "Koppal",
                "Mandya",
                "Mysuru (Mysore)",
                "Raichur",
                "Ramanagara",
                "Shivamogga (Shimoga)",
                "Tumakuru (Tumkur)",
                "Udupi",
                "Uttara Kannada (Karwar)",
                "Vijayapura (Bijapur)",
                "Yadgir"
            ]
          },
          {  
            "state":"Kerala",
            "cities":[  
                "Alappuzha",
                "Ernakulam",
                "Idukki",
                "Kannur",
                "Kasaragod",
                "Kollam",
                "Kottayam",
                "Kozhikode",
                "Malappuram",
                "Palakkad",
                "Pathanamthitta",
                "Thiruvananthapuram",
                "Thrissur",
                "Wayanad"
            ]
          },
          {  
            "state":"Lakshadweep (UT)",
            "cities":[  
                "Agatti",
                "Amini",
                "Androth",
                "Bithra",
                "Chethlath",
                "Kavaratti",
                "Kadmath",
                "Kalpeni",
                "Kilthan",
                "Minicoy"
            ]
          },
          {  
            "state":"Madhya Pradesh",
            "cities":[  
                "Agar Malwa",
                "Alirajpur",
                "Anuppur",
                "Ashoknagar",
                "Balaghat",
                "Barwani",
                "Betul",
                "Bhind",
                "Bhopal",
                "Burhanpur",
                "Chhatarpur",
                "Chhindwara",
                "Damoh",
                "Datia",
                "Dewas",
                "Dhar",
                "Dindori",
                "Guna",
                "Gwalior",
                "Harda",
                "Hoshangabad",
                "Indore",
                "Jabalpur",
                "Jhabua",
                "Katni",
                "Khandwa",
                "Khargone",
                "Mandla",
                "Mandsaur",
                "Morena",
                "Narsinghpur",
                "Neemuch",
                "Panna",
                "Raisen",
                "Rajgarh",
                "Ratlam",
                "Rewa",
                "Sagar",
                "Satna",
                "Sehore",
                "Seoni",
                "Shahdol",
                "Shajapur",
                "Sheopur",
                "Shivpuri",
                "Sidhi",
                "Singrauli",
                "Tikamgarh",
                "Ujjain",
                "Umaria",
                "Vidisha"
            ]
          },
          {  
            "state":"Maharashtra",
            "cities":[  
                "Ahmednagar",
                "Akola",
                "Amravati",
                "Aurangabad",
                "Beed",
                "Bhandara",
                "Buldhana",
                "Chandrapur",
                "Dhule",
                "Gadchiroli",
                "Gondia",
                "Hingoli",
                "Jalgaon",
                "Jalna",
                "Kolhapur",
                "Latur",
                "Mumbai cities",
                "Mumbai Suburban",
                "Nagpur",
                "Nanded",
                "Nandurbar",
                "Nashik",
                "Osmanabad",
                "Palghar",
                "Parbhani",
                "Pune",
                "Raigad",
                "Ratnagiri",
                "Sangli",
                "Satara",
                "Sindhudurg",
                "Solapur",
                "Thane",
                "Wardha",
                "Washim",
                "Yavatmal"
            ]
          },
          {  
            "state":"Manipur",
            "cities":[  
                "Bishnupur",
                "Chandel",
                "Churachandpur",
                "Imphal East",
                "Imphal West",
                "Jiribam",
                "Kakching",
                "Kamjong",
                "Kangpokpi",
                "Noney",
                "Pherzawl",
                "Senapati",
                "Tamenglong",
                "Tengnoupal",
                "Thoubal",
                "Ukhrul"
            ]
          },
          {  
            "state":"Meghalaya",
            "cities":[  
                "East Garo Hills",
                "East Jaintia Hills",
                "East Khasi Hills",
                "North Garo Hills",
                "Ri Bhoi",
                "South Garo Hills",
                "South West Garo Hills ",
                "South West Khasi Hills",
                "West Garo Hills",
                "West Jaintia Hills",
                "West Khasi Hills"
            ]
          },
          {  
            "state":"Mizoram",
            "cities":[  
                "Aizawl",
                "Champhai",
                "Kolasib",
                "Lawngtlai",
                "Lunglei",
                "Mamit",
                "Saiha",
                "Serchhip"
            ]
          },
          {  
            "state":"Nagaland",
            "cities":[  
                "Dimapur",
                "Kiphire",
                "Kohima",
                "Longleng",
                "Mokokchung",
                "Mon",
                "Peren",
                "Phek",
                "Tuensang",
                "Wokha",
                "Zunheboto"
            ]
          },
          {  
            "state":"Odisha",
            "cities":[  
                "Angul",
                "Balangir",
                "Balasore",
                "Bargarh",
                "Bhadrak",
                "Boudh",
                "Cuttack",
                "Deogarh",
                "Dhenkanal",
                "Gajapati",
                "Ganjam",
                "Jagatsinghapur",
                "Jajpur",
                "Jharsuguda",
                "Kalahandi",
                "Kandhamal",
                "Kendrapara",
                "Kendujhar (Keonjhar)",
                "Khordha",
                "Koraput",
                "Malkangiri",
                "Mayurbhanj",
                "Nabarangpur",
                "Nayagarh",
                "Nuapada",
                "Puri",
                "Rayagada",
                "Sambalpur",
                "Sonepur",
                "Sundargarh"
            ]
          },
          {  
            "state":"Puducherry (UT)",
            "cities":[  
                "Karaikal",
                "Mahe",
                "Pondicherry",
                "Yanam"
            ]
          },
          {  
            "state":"Punjab",
            "cities":[  
                "Amritsar",
                "Barnala",
                "Bathinda",
                "Faridkot",
                "Fatehgarh Sahib",
                "Fazilka",
                "Ferozepur",
                "Gurdaspur",
                "Hoshiarpur",
                "Jalandhar",
                "Kapurthala",
                "Ludhiana",
                "Mansa",
                "Moga",
                "Muktsar",
                "Nawanshahr (Shahid Bhagat Singh Nagar)",
                "Pathankot",
                "Patiala",
                "Rupnagar",
                "Sahibzada Ajit Singh Nagar (Mohali)",
                "Sangrur",
                "Tarn Taran"
            ]
          },
          {  
            "state":"Rajasthan",
            "cities":[  
                "Ajmer",
                "Alwar",
                "Banswara",
                "Baran",
                "Barmer",
                "Bharatpur",
                "Bhilwara",
                "Bikaner",
                "Bundi",
                "Chittorgarh",
                "Churu",
                "Dausa",
                "Dholpur",
                "Dungarpur",
                "Hanumangarh",
                "Jaipur",
                "Jaisalmer",
                "Jalore",
                "Jhalawar",
                "Jhunjhunu",
                "Jodhpur",
                "Karauli",
                "Kota",
                "Nagaur",
                "Pali",
                "Pratapgarh",
                "Rajsamand",
                "Sawai Madhopur",
                "Sikar",
                "Sirohi",
                "Sri Ganganagar",
                "Tonk",
                "Udaipur"
            ]
          },
          {  
            "state":"Sikkim",
            "cities":[  
                "East Sikkim",
                "North Sikkim",
                "South Sikkim",
                "West Sikkim"
            ]
          },
          {  
            "state":"Tamil Nadu",
            "cities":[  
                "Ariyalur",
                "Chennai",
                "Coimbatore",
                "Cuddalore",
                "Dharmapuri",
                "Dindigul",
                "Erode",
                "Kanchipuram",
                "Kanyakumari",
                "Karur",
                "Krishnagiri",
                "Madurai",
                "Nagapattinam",
                "Namakkal",
                "Nilgiris",
                "Perambalur",
                "Pudukkottai",
                "Ramanathapuram",
                "Salem",
                "Sivaganga",
                "Thanjavur",
                "Theni",
                "Thoothukudi (Tuticorin)",
                "Tiruchirappalli",
                "Tirunelveli",
                "Tiruppur",
                "Tiruvallur",
                "Tiruvannamalai",
                "Tiruvarur",
                "Vellore",
                "Viluppuram",
                "Virudhunagar"
            ]
          },
          {  
            "state":"Telangana",
            "cities":[  
                "Adilabad",
                "Bhadradri Kothagudem",
                "Hyderabad",
                "Jagtial",
                "Jangaon",
                "Jayashankar Bhoopalpally",
                "Jogulamba Gadwal",
                "Kamareddy",
                "Karimnagar",
                "Khammam",
                "Komaram Bheem Asifabad",
                "Mahabubabad",
                "Mahabubnagar",
                "Mancherial",
                "Medak",
                "Medchal",
                "Nagarkurnool",
                "Nalgonda",
                "Nirmal",
                "Nizamabad",
                "Peddapalli",
                "Rajanna Sircilla",
                "Rangareddy",
                "Sangareddy",
                "Siddipet",
                "Suryapet",
                "Vikarabad",
                "Wanaparthy",
                "Warangal (Rural)",
                "Warangal (Urban)",
                "Yadadri Bhuvanagiri"
            ]
          },
          {  
            "state":"Tripura",
            "cities":[  
                "Dhalai",
                "Gomati",
                "Khowai",
                "North Tripura",
                "Sepahijala",
                "South Tripura",
                "Unakoti",
                "West Tripura"
            ]
          },
          {  
            "state":"Uttarakhand",
            "cities":[  
                "Almora",
                "Bageshwar",
                "Chamoli",
                "Champawat",
                "Dehradun",
                "Haridwar",
                "Nainital",
                "Pauri Garhwal",
                "Pithoragarh",
                "Rudraprayag",
                "Tehri Garhwal",
                "Udham Singh Nagar",
                "Uttarkashi"
            ]
          },
          {  
            "state":"Uttar Pradesh",
            "cities":[  
                "Agra",
                "Aligarh",
                "Allahabad",
                "Ambedkar Nagar",
                "Amethi (Chatrapati Sahuji Mahraj Nagar)",
                "Amroha (J.P. Nagar)",
                "Auraiya",
                "Azamgarh",
                "Baghpat",
                "Bahraich",
                "Ballia",
                "Balrampur",
                "Banda",
                "Barabanki",
                "Bareilly",
                "Basti",
                "Bhadohi",
                "Bijnor",
                "Budaun",
                "Bulandshahr",
                "Chandauli",
                "Chitrakoot",
                "Deoria",
                "Etah",
                "Etawah",
                "Faizabad",
                "Farrukhabad",
                "Fatehpur",
                "Firozabad",
                "Gautam Buddha Nagar",
                "Ghaziabad",
                "Ghazipur",
                "Gonda",
                "Gorakhpur",
                "Hamirpur",
                "Hapur (Panchsheel Nagar)",
                "Hardoi",
                "Hathras",
                "Jalaun",
                "Jaunpur",
                "Jhansi",
                "Kannauj",
                "Kanpur Dehat",
                "Kanpur Nagar",
                "Kanshiram Nagar (Kasganj)",
                "Kaushambi",
                "Kushinagar (Padrauna)",
                "Lakhimpur - Kheri",
                "Lalitpur",
                "Lucknow",
                "Maharajganj",
                "Mahoba",
                "Mainpuri",
                "Mathura",
                "Mau",
                "Meerut",
                "Mirzapur",
                "Moradabad",
                "Muzaffarnagar",
                "Pilibhit",
                "Pratapgarh",
                "RaeBareli",
                "Rampur",
                "Saharanpur",
                "Sambhal (Bhim Nagar)",
                "Sant Kabir Nagar",
                "Shahjahanpur",
                "Shamali (Prabuddh Nagar)",
                "Shravasti",
                "Siddharth Nagar",
                "Sitapur",
                "Sonbhadra",
                "Sultanpur",
                "Unnao",
                "Varanasi"
            ]
          },
          {  
            "state":"West Bengal",
            "cities":[  
                "Alipurduar",
                "Bankura",
                "Birbhum",
                "Burdwan (Bardhaman)",
                "Cooch Behar",
                "Dakshin Dinajpur (South Dinajpur)",
                "Darjeeling",
                "Hooghly",
                "Howrah",
                "Jalpaiguri",
                "Kalimpong",
                "Kolkata",
                "Malda",
                "Murshidabad",
                "Nadia",
                "North 24 Parganas",
                "Paschim Medinipur (West Medinipur)",
                "Purba Medinipur (East Medinipur)",
                "Purulia",
                "South 24 Parganas",
                "Uttar Dinajpur (North Dinajpur)"
            ]
          }
      ]
    }








